{
  "main": {
    "id": "102bb1e17d75a6d3",
    "type": "split",
    "children": [
      {
        "id": "e7fd6618b57f6e8c",
        "type": "tabs",
        "children": [
          {
            "id": "33f93fc62c3bfd90",
            "type": "leaf",
            "state": {
              "type": "markdown",
              "state": {
                "file": "CoGa/Introducción.md",
                "mode": "source",
                "source": false
              },
              "icon": "lucide-file",
              "title": "Introducción"
            }
          }
        ]
      }
    ],
    "direction": "vertical"
  },
  "left": {
    "id": "4b4ab55c48f18724",
    "type": "split",
    "children": [
      {
        "id": "aa5026e266cdd556",
        "type": "tabs",
        "children": [
          {
            "id": "16330645b5485dd9",
            "type": "leaf",
            "state": {
              "type": "file-explorer",
              "state": {
                "sortOrder": "alphabetical",
                "autoReveal": false
              },
              "icon": "lucide-folder-closed",
              "title": "Files"
            }
          },
          {
            "id": "15230f16df699b0f",
            "type": "leaf",
            "state": {
              "type": "search",
              "state": {
                "query": "",
                "matchingCase": false,
                "explainSearch": false,
                "collapseAll": false,
                "extraContext": false,
                "sortOrder": "alphabetical"
              },
              "icon": "lucide-search",
              "title": "Search"
            }
          },
          {
            "id": "25d4292c3fcf5ccb",
            "type": "leaf",
            "state": {
              "type": "bookmarks",
              "state": {},
              "icon": "lucide-bookmark",
              "title": "Bookmarks"
            }
          }
        ]
      }
    ],
    "direction": "horizontal",
    "width": 200
  },
  "right": {
    "id": "7d25637a7703bb37",
    "type": "split",
    "children": [
      {
        "id": "9593e2aef48e7e7e",
        "type": "tabs",
        "children": [
          {
            "id": "e2e4cd1f90c4d568",
            "type": "leaf",
            "state": {
              "type": "backlink",
              "state": {
                "collapseAll": false,
                "extraContext": false,
                "sortOrder": "alphabetical",
                "showSearch": false,
                "searchQuery": "",
                "backlinkCollapsed": false,
                "unlinkedCollapsed": true
              },
              "icon": "links-coming-in",
              "title": "Backlinks"
            }
          },
          {
            "id": "9bf9f98db7486cff",
            "type": "leaf",
            "state": {
              "type": "outgoing-link",
              "state": {
                "linksCollapsed": false,
                "unlinkedCollapsed": true
              },
              "icon": "links-going-out",
              "title": "Outgoing links"
            }
          },
          {
            "id": "32501734ca07c726",
            "type": "leaf",
            "state": {
              "type": "tag",
              "state": {
                "sortOrder": "frequency",
                "useHierarchy": true,
                "showSearch": false,
                "searchQuery": ""
              },
              "icon": "lucide-tags",
              "title": "Tags"
            }
          },
          {
            "id": "2c99299f4ebeeff6",
            "type": "leaf",
            "state": {
              "type": "outline",
              "state": {
                "followCursor": false,
                "showSearch": false,
                "searchQuery": ""
              },
              "icon": "lucide-list",
              "title": "Outline"
            }
          },
          {
            "id": "2dbbd778d9bb6ba4",
            "type": "leaf",
            "state": {
              "type": "git-view",
              "state": {},
              "icon": "git-pull-request",
              "title": "Source Control"
            }
          }
        ],
        "currentTab": 4
      }
    ],
    "direction": "horizontal",
    "width": 200,
    "collapsed": true
  },
  "left-ribbon": {
    "hiddenItems": {
      "switcher:Open quick switcher": false,
      "graph:Open graph view": false,
      "canvas:Create new canvas": false,
      "daily-notes:Open today's daily note": false,
      "templates:Insert template": false,
      "command-palette:Open command palette": false,
      "obsidian-git:Open Git source control": false
    }
  },
  "active": "33f93fc62c3bfd90",
  "lastOpenFiles": [
    "CoGa/OpenGL.md",
    "CoGa/Introducción.md",
    "BDII/Tema1.md",
    "SOII/Tema5.Shell.md",
    "ArCo/Tema 1.md",
    "ArCo/Practica1.md",
    "ArCo/Imaxes/MultiprocesadoresNUMA.png",
    "ArCo/Imaxes/ConceptoSegmentacion.png",
    "ArCo/Imaxes",
    "SOII/Tema1.md",
    "DeSoft/Imaxes/Pasted image 20250205175630.png",
    "DeSoft/Tema1.md",
    "DeSoft/Tema2.md",
    "SOII",
    "DeSoft/Imaxes/DiagramaExemplo.png",
    "DeSoft/Imaxes",
    "DeSoft",
    "CoGa/Imaxes/EsquemaOperacionsFixas.png",
    "CoGa/Imaxes/CamaraSintetica.png",
    "BDII",
    "ArCo/Introdución.md",
    "CoGa/Introduccion.md",
    "ArCo",
    "CoGa/Imaxes/DobreBuffer.png",
    "Apuntes-Obsidian"
  ]
}