{
  "main": {
    "id": "102bb1e17d75a6d3",
    "type": "split",
    "children": [
      {
        "id": "8b0a153a6aa17419",
        "type": "tabs",
        "children": [
          {
            "id": "e46ccc1d34863254",
            "type": "leaf",
            "state": {
              "type": "markdown",
              "state": {
                "file": "SOII/Exames/Maio2022-Resolto.md",
                "mode": "preview",
                "source": false
              },
              "icon": "lucide-file",
              "title": "Maio2022-Resolto"
            }
          }
        ]
      }
    ],
    "direction": "vertical"
  },
  "left": {
    "id": "4b4ab55c48f18724",
    "type": "split",
    "children": [
      {
        "id": "aa5026e266cdd556",
        "type": "tabs",
        "children": [
          {
            "id": "16330645b5485dd9",
            "type": "leaf",
            "state": {
              "type": "file-explorer",
              "state": {
                "sortOrder": "alphabetical",
                "autoReveal": false
              },
              "icon": "lucide-folder-closed",
              "title": "Files"
            }
          },
          {
            "id": "15230f16df699b0f",
            "type": "leaf",
            "state": {
              "type": "search",
              "state": {
                "query": "tag:#Exercicios",
                "matchingCase": false,
                "explainSearch": false,
                "collapseAll": false,
                "extraContext": false,
                "sortOrder": "alphabetical"
              },
              "icon": "lucide-search",
              "title": "Search"
            }
          },
          {
            "id": "25d4292c3fcf5ccb",
            "type": "leaf",
            "state": {
              "type": "bookmarks",
              "state": {},
              "icon": "lucide-bookmark",
              "title": "Bookmarks"
            }
          }
        ]
      }
    ],
    "direction": "horizontal",
    "width": 200
  },
  "right": {
    "id": "7d25637a7703bb37",
    "type": "split",
    "children": [
      {
        "id": "9593e2aef48e7e7e",
        "type": "tabs",
        "children": [
          {
            "id": "e2e4cd1f90c4d568",
            "type": "leaf",
            "state": {
              "type": "backlink",
              "state": {
                "collapseAll": false,
                "extraContext": false,
                "sortOrder": "alphabetical",
                "showSearch": false,
                "searchQuery": "",
                "backlinkCollapsed": false,
                "unlinkedCollapsed": true
              },
              "icon": "links-coming-in",
              "title": "Backlinks"
            }
          },
          {
            "id": "9bf9f98db7486cff",
            "type": "leaf",
            "state": {
              "type": "outgoing-link",
              "state": {
                "linksCollapsed": false,
                "unlinkedCollapsed": true
              },
              "icon": "links-going-out",
              "title": "Outgoing links"
            }
          },
          {
            "id": "32501734ca07c726",
            "type": "leaf",
            "state": {
              "type": "tag",
              "state": {
                "sortOrder": "frequency",
                "useHierarchy": true,
                "showSearch": false,
                "searchQuery": ""
              },
              "icon": "lucide-tags",
              "title": "Tags"
            }
          },
          {
            "id": "2c99299f4ebeeff6",
            "type": "leaf",
            "state": {
              "type": "outline",
              "state": {
                "followCursor": false,
                "showSearch": false,
                "searchQuery": ""
              },
              "icon": "lucide-list",
              "title": "Outline"
            }
          },
          {
            "id": "2dbbd778d9bb6ba4",
            "type": "leaf",
            "state": {
              "type": "git-view",
              "state": {},
              "icon": "git-pull-request",
              "title": "Source Control"
            }
          }
        ],
        "currentTab": 4
      }
    ],
    "direction": "horizontal",
    "width": 200,
    "collapsed": true
  },
  "left-ribbon": {
    "hiddenItems": {
      "switcher:Open quick switcher": false,
      "graph:Open graph view": false,
      "canvas:Create new canvas": false,
      "daily-notes:Open today's daily note": false,
      "templates:Insert template": false,
      "command-palette:Open command palette": false,
      "obsidian-git:Open Git source control": false
    }
  },
  "active": "16330645b5485dd9",
  "lastOpenFiles": [
    "SOII.zip",
    "SOII/Tema5.md",
    "SOII/Tema4.md",
    "SOII/Tema3.md",
    "SOII/Tema2.md",
    "SOII/Tema1.md",
    "SOII/InformesSOII/SOII_InformePractica3.pdf",
    "SOII/InformesSOII/SOII_Informe5.pdf",
    "SOII/InformesSOII/SOII_Informe4.pdf",
    "SOII/InformesSOII/SOII_Informe3.pdf",
    "SOII/InformesSOII/SOII_Informe2.pdf",
    "SOII/InformesSOII/SOII_Informe1.pdf",
    "SOII/InformesSOII",
    "SOII/Imaxes/umaInterruptores.png",
    "SOII/Imaxes/umaBus.png",
    "SOII/Imaxes/traxectoriasRecursos.png",
    "SOII/Imaxes/sincronizacionFios.png",
    "SOII/Imaxes/redeOmega.png",
    "SOII/Imaxes/pthreadsMutexes.png",
    "SOII/Imaxes/ordenacionRecursos.png",
    "SOII/Imaxes/oie_transparent.png",
    "SOII/Imaxes/interbloqueosSemaforos.png",
    "SOII/Imaxes/interbloqueoRedes.png",
    "SOII/Imaxes",
    "SOII/Exames/SOII_Maio2022.pdf",
    "SOII/Exames/Maio2022-Resolto.md",
    "SOII/Exames.md",
    "SOII/Exames/Imaxes",
    "SOII/SOII_InformePractica4.pdf.md",
    "BDII/Tema1.md",
    "BDII/Exercicios.md",
    "CoGa/Introducción.md",
    "CoGa/Untitled.md",
    "CoGa/Iluminacion.md",
    "CoGa/Modelado.md",
    "CoGa/Tema6.md",
    "CoGa/LearnOpenGL.md",
    "BDII/Tema5.md",
    "ProgramacionII/Exame2022.md",
    "Untitled.md",
    "BDII/Tema3.md",
    "BDII/Tema2.md",
    "CoGa/ExemplosOpenGL.md",
    "CoGa/TipoTest2023.md",
    "CoGa/Texturas.md",
    "CoGa/Camara3D.md",
    "Untitled.canvas"
  ]
}